path,size_bytes,sha256,reasons
.logs/backend.log,752,71f4db3f7c9e64d78d41d82106edba6288e81a6edaba1e45589e5010ba7ce36f,log_artifact
.logs/backend.log.1759195667,240,eee39a566e0f5ffb2495cc05e5beaf41b763c8f588128ec65b0b3734a3aaeeb6,log_artifact
.logs/backend.log.1759195690,254,9d75453d0130dc8aa5e7899ce855a09111322370199f65a79ac704093694917e,log_artifact
.logs/backend.log.1759195716,364,555d1e6d38b9b2a3928f1c1e366b03fd08c4eac9872527064d26ccfc644b3d54,log_artifact
SAFE_PATCHES.diff,7240,38f1e9c06731f7067b8bbc5b068beb53d057ea99c8d97bcf2a62be5139e0681c,patch_diff
api_bridge/shared_client.py,19163,b3258960c3a10e05eee6137b153985122e0a48f33c45868f096c8c6f3bab14f5,unused_module_candidate
archive_inventory_before_deletion.txt,4705,4c25f343bf87160b23df8ac92a3237a842e5aef57d4fbfe3268de5211c0b25ac,meta_note
backend.log,519,26e9aaf0bcccdcdd66969e7b4496c993a86ce842d9487c094524e512488ce1f4,log_artifact
backups/pre-archive.zip,143972866,348bad7f98ff3cec9f7b88439503cc725010e59d7ad86f6e1cac452f6922e703,backup_copy
branch_analysis.txt,11491,847ae91ab1ecf347c36430748b1ce2e13bc3e308934ea409bd94e535ab62760c,meta_note
branch_categorization.txt,979,bcf81857cc456b64992e3b55fee1c3331efe5c7ccf400e3ea0beded86aecb8b1,meta_note
enhancements/__init__.py,3180,f34b6a2795f1168b28ab502e796bf885c9ffde1bdae71ae45084264294756ae9,prototype_enhancement
enhancements/integrations/__init__.py,505,b8434b5b3029512944750ac89273ed79c09bddb1a977225e513adcdaa8798011,prototype_enhancement
enhancements/integrations/compatibility_layer.py,18963,b32b4c84c10ad632966a6750587c4f9947e7ce6d60276a9b846cf561a57bf70a,prototype_enhancement
enhancements/integrations/existing_app_bridge.py,13990,f6c1b67f9539816008eccf3898b065e29038b3b1ea7820106ca34f156bbfdaf4,prototype_enhancement
enhancements/integrations/feature_extensions.py,32911,3f6d32a6994626adc5e9913f968213eb49b9b40fc398e84c8cf6ef70604246fc,prototype_enhancement
enhancements/modern_gui/__init__.py,662,f5870c33f9eec7bf75d850b1deb820d7011118f883f4de11df3162e78738415d,prototype_enhancement
enhancements/modern_gui/enhanced_desktop.py,23811,15022ef54ea19e2bcc673b789d3ea0d74d6adecce4ee49a96737ad9aa9172e6b,prototype_enhancement
enhancements/modern_gui/modern_web_components.py,40080,189c09b5d370622e80d1d9c4f8b0a2c5703af7e7e4049cbab7723204295d1a52,prototype_enhancement
enhancements/modern_gui/persian_ui_advanced.py,27432,3526b30faba5231f77d3189bdbbda28d536613a9e416247f7fc748d55a7c8bca,prototype_enhancement
enhancements/tools/__init__.py,557,875fe6498a488a6cc87797e191558d7d6b3758fcef0bb7a5af7916f5a5c4139a,prototype_enhancement
enhancements/tools/enhancement_installer.py,25020,b6e65dbe35b6e30ae32f102f3f87a1e891cfc9dd37cd719ae4ea41a1215af5c5,prototype_enhancement
heystive.db,28672,1a8dc1db5957d10f213c62e4e97630505c1298e47f21c3e704c49014dec975b3,runtime_db
heystive_audio_output/demo_response_1.mp3,73920,03941b95688491923246ec8c31db3102c863e30762414753990187981222fd64,audio_output
heystive_audio_output/demo_response_2.mp3,39360,d4b96b7832a2bd6c769ce7940b52b7cae3e3c0c35977a85a2e4cc8bb25bc2bd3,audio_output
heystive_audio_output/demo_response_3.mp3,45312,de1e53953a0ca73f9a50426ee5c72bad328f183a2d3c575afd02c4da1ae21197,audio_output
heystive_audio_output/demo_response_4.mp3,92352,bed258f53b0dea93da841ae913dc61c2148336efa8b5b323e37957bd2223d329,audio_output
heystive_audio_output/demo_response_5.mp3,44544,11474895e0e577f219b01bd03941bab0f274a6e4e9c5c1c4b9b2d256db9c368b,audio_output
heystive_audio_output/final_test_1.mp3,23616,4e21cd625ce659c46e1ff727f63ee0f394da68b09e1cb62ee64cfbd775caa367,audio_output
heystive_audio_output/final_test_2.mp3,23232,22b55443f06f9684f1b8f2099bb684dc5dfebd082a1f6a4c512dad5ca020fb1e,audio_output
heystive_audio_output/final_test_3.mp3,17088,bc5746cbe1c2fc5fb11e913a67824f591adf8e8fd5489f00c3e79e022c0c5799,audio_output
heystive_audio_output/manual_verification.mp3,32448,86d86934d797820e5b449108e3ece489f6884b3025113efc82b06f3b4825e15a,audio_output
heystive_audio_output/persian_test_01.mp3,23616,3aaa8c8cf91be55e9157834e93a3f0422891901d4ac004bc30db8dc448100a61,audio_output
heystive_audio_output/persian_test_02.mp3,32448,001f63a209a21288b310c2ff00c34c7385951363bb9e3306760fc8d94e9ba0dc,audio_output
heystive_audio_output/persian_test_03.mp3,28032,53874471931c8b5c8641e9694e6e891c9847309e0f683c602dfa6cf6b7100348,audio_output
heystive_audio_output/persian_test_04.mp3,37440,9cfe5a02be275cbc7030ba6dfaf89147e43f87cbee10fd7d30340def50660480,audio_output
heystive_audio_output/persian_test_05.mp3,35328,764667d9bd5b2f729cef6726ca9fa512737f44f42073a0e21ec15dc1ccb2e23f,audio_output
heystive_audio_output/temp_speech_1757258507.mp3,17664,8c84fa74fa51e2f854440bdd276ddde7befbad9cdc41d5f67133fbcf918b5ff4,audio_output
heystive_audio_output/test_google_tts.mp3,32640,efa9d9979863dc5e8b85fecc8c750c80cd7df9028c5aa5879e3ffc8944651610,audio_output
heystive_audio_output/test_gtts.mp3,25152,f86ca67b2081bd34fb7e4d95fea4f6fbaf6635f5e7f0a0804996d3f22231d2ca,audio_output
heystive_audio_output/verification_test.mp3,19776,7c17d7ab7c8f1b84c4bb381b0227dc9a058876428fb8ece1dad1f3c92875d6a7,audio_output
heystive_professional/heystive.log,495,a274264e70db6ce4a33bafa296b24c7fd874abb6a091d366f1a6936757c54298,log_artifact
heystive_professional/heystive/__init__.py,0,e3b0c44298fc1c149afbf4c8996fb92427ae41e4649b934ca495991b7852b855,duplicate_of:.plan_name.txt
heystive_professional/heystive/config/__init__.py,0,e3b0c44298fc1c149afbf4c8996fb92427ae41e4649b934ca495991b7852b855,duplicate_of:.plan_name.txt
heystive_professional/heystive/config/ui_settings/__init__.py,0,e3b0c44298fc1c149afbf4c8996fb92427ae41e4649b934ca495991b7852b855,duplicate_of:.plan_name.txt
heystive_professional/heystive/config/ui_settings/backups/__init__.py,0,e3b0c44298fc1c149afbf4c8996fb92427ae41e4649b934ca495991b7852b855,backup_copy;duplicate_of:.plan_name.txt
heystive_professional/heystive/config/ui_settings/backups/settings_backup_20250908_032856.json,2004,5fe4692259675144420092949012570782d4c071cec58e49d25623820bbd1711,backup_copy
heystive_professional/heystive/config/ui_settings/backups/settings_backup_20250908_033012.json,2044,2f1569672774cd0e4d6ccb5ea139059cf31c022b82e00900876f5da8630cab6c,backup_copy
heystive_professional/heystive/config/ui_settings/backups/settings_backup_20250908_033748.json,2044,8341b9e3f26fd334a7bcd7c8ba3ae7a4f3baffbd15ffc5d104b4ec06824ef256,backup_copy
heystive_professional/heystive/core/__init__.py,0,e3b0c44298fc1c149afbf4c8996fb92427ae41e4649b934ca495991b7852b855,duplicate_of:.plan_name.txt
heystive_professional/heystive/engines/__init__.py,0,e3b0c44298fc1c149afbf4c8996fb92427ae41e4649b934ca495991b7852b855,duplicate_of:.plan_name.txt
heystive_professional/heystive/engines/tts/__init__.py,0,e3b0c44298fc1c149afbf4c8996fb92427ae41e4649b934ca495991b7852b855,duplicate_of:.plan_name.txt
heystive_professional/heystive/engines/wake_word/__init__.py,0,e3b0c44298fc1c149afbf4c8996fb92427ae41e4649b934ca495991b7852b855,duplicate_of:.plan_name.txt
heystive_professional/heystive/logs/__init__.py,0,e3b0c44298fc1c149afbf4c8996fb92427ae41e4649b934ca495991b7852b855,duplicate_of:.plan_name.txt
heystive_professional/heystive/logs/services/__init__.py,0,e3b0c44298fc1c149afbf4c8996fb92427ae41e4649b934ca495991b7852b855,duplicate_of:.plan_name.txt
heystive_professional/heystive/logs/services/heystive_service_20250908.log,333,f4cc9bd6041f9840d869ef7f549d173c89caf607ede3aa91f35c874e47781fcd,log_artifact
heystive_professional/heystive/models/backups/__init__.py,0,e3b0c44298fc1c149afbf4c8996fb92427ae41e4649b934ca495991b7852b855,backup_copy;duplicate_of:.plan_name.txt
heystive_professional/heystive/models/backups/persian_multi_tts_manager_backup_20250908_024118.py,36055,ff890eef9303ff9f44577359d3aa27ea58c7e3aa406052e039c4f4a8f27642e3,backup_copy
heystive_professional/heystive/models/cache/__init__.py,0,e3b0c44298fc1c149afbf4c8996fb92427ae41e4649b934ca495991b7852b855,duplicate_of:.plan_name.txt
heystive_professional/heystive/models/configs/__init__.py,0,e3b0c44298fc1c149afbf4c8996fb92427ae41e4649b934ca495991b7852b855,duplicate_of:.plan_name.txt
heystive_professional/heystive/models/logs/__init__.py,0,e3b0c44298fc1c149afbf4c8996fb92427ae41e4649b934ca495991b7852b855,duplicate_of:.plan_name.txt
heystive_professional/heystive/models/monitoring/__init__.py,0,e3b0c44298fc1c149afbf4c8996fb92427ae41e4649b934ca495991b7852b855,duplicate_of:.plan_name.txt
heystive_professional/heystive/models/persian_tts/__init__.py,0,e3b0c44298fc1c149afbf4c8996fb92427ae41e4649b934ca495991b7852b855,duplicate_of:.plan_name.txt
heystive_professional/heystive/models/persian_tts/coqui/__init__.py,0,e3b0c44298fc1c149afbf4c8996fb92427ae41e4649b934ca495991b7852b855,duplicate_of:.plan_name.txt
heystive_professional/heystive/models/persian_tts/coqui/server/__init__.py,0,e3b0c44298fc1c149afbf4c8996fb92427ae41e4649b934ca495991b7852b855,duplicate_of:.plan_name.txt
heystive_professional/heystive/models/persian_tts/coqui/server/static/__init__.py,0,e3b0c44298fc1c149afbf4c8996fb92427ae41e4649b934ca495991b7852b855,duplicate_of:.plan_name.txt
heystive_professional/heystive/models/persian_tts/coqui/server/templates/__init__.py,0,e3b0c44298fc1c149afbf4c8996fb92427ae41e4649b934ca495991b7852b855,duplicate_of:.plan_name.txt
heystive_professional/heystive/models/persian_tts/custom/__init__.py,0,e3b0c44298fc1c149afbf4c8996fb92427ae41e4649b934ca495991b7852b855,duplicate_of:.plan_name.txt
heystive_professional/heystive/models/persian_tts/custom/hooshvare_parsbert/__init__.py,0,e3b0c44298fc1c149afbf4c8996fb92427ae41e4649b934ca495991b7852b855,duplicate_of:.plan_name.txt
heystive_professional/heystive/models/persian_tts/gtts/__init__.py,0,e3b0c44298fc1c149afbf4c8996fb92427ae41e4649b934ca495991b7852b855,duplicate_of:.plan_name.txt
heystive_professional/heystive/models/persian_tts/parsi_tts_cpu/__init__.py,0,e3b0c44298fc1c149afbf4c8996fb92427ae41e4649b934ca495991b7852b855,duplicate_of:.plan_name.txt
heystive_professional/heystive/models/persian_tts/silta_persian/__init__.py,0,e3b0c44298fc1c149afbf4c8996fb92427ae41e4649b934ca495991b7852b855,duplicate_of:.plan_name.txt
heystive_professional/heystive/models/persian_tts/silta_persian_tts/__init__.py,0,e3b0c44298fc1c149afbf4c8996fb92427ae41e4649b934ca495991b7852b855,duplicate_of:.plan_name.txt
heystive_professional/heystive/models/persian_tts/speechbrain/__init__.py,0,e3b0c44298fc1c149afbf4c8996fb92427ae41e4649b934ca495991b7852b855,duplicate_of:.plan_name.txt
heystive_professional/heystive/services/__init__.py,0,e3b0c44298fc1c149afbf4c8996fb92427ae41e4649b934ca495991b7852b855,duplicate_of:.plan_name.txt
heystive_professional/heystive/services/windows_service/__init__.py,0,e3b0c44298fc1c149afbf4c8996fb92427ae41e4649b934ca495991b7852b855,duplicate_of:.plan_name.txt
heystive_professional/heystive/ui/__init__.py,0,e3b0c44298fc1c149afbf4c8996fb92427ae41e4649b934ca495991b7852b855,duplicate_of:.plan_name.txt
heystive_professional/heystive/ui/advanced_settings/__init__.py,0,e3b0c44298fc1c149afbf4c8996fb92427ae41e4649b934ca495991b7852b855,duplicate_of:.plan_name.txt
heystive_professional/heystive/ui/advanced_settings/desktop/__init__.py,0,e3b0c44298fc1c149afbf4c8996fb92427ae41e4649b934ca495991b7852b855,duplicate_of:.plan_name.txt
heystive_professional/heystive/ui/advanced_settings/web/__init__.py,0,e3b0c44298fc1c149afbf4c8996fb92427ae41e4649b934ca495991b7852b855,duplicate_of:.plan_name.txt
heystive_professional/heystive/ui/desktop/__init__.py,0,e3b0c44298fc1c149afbf4c8996fb92427ae41e4649b934ca495991b7852b855,duplicate_of:.plan_name.txt
heystive_professional/heystive/ui/web/__init__.py,0,e3b0c44298fc1c149afbf4c8996fb92427ae41e4649b934ca495991b7852b855,duplicate_of:.plan_name.txt
heystive_professional/legacy/heystive/__init__.py,92,1825656d0b98f6e272004d34cc46374291a0d94c6cdde76bef4054c672529f9a,legacy_dup
heystive_professional/legacy/heystive/config/voice_settings.yaml,2061,52c38a51c8b6579b6bdefde84ef37571ddb0bb71f3e8dd171b951357f6682f09,legacy_dup
heystive_professional/legacy/heystive/integration/__init__.py,92,b8ec7362c1b31287213e6b240c68503dc25bb6c24fc8461a03b951796ec497c1,duplicate_of:heystive_professional/heystive/integrations/__init__.py;legacy_dup
heystive_professional/legacy/heystive/integration/voice_bridge.py,22296,f550ae9c73eb164fb4f0b73167960460d28ea024deabe1953a03343c02d58f03,duplicate_of:heystive_professional/heystive/integrations/voice_bridge.py;legacy_dup
heystive_professional/legacy/heystive/main_voice_integration.py,9703,2579c3b3de47b3cac177b22c1755af9fddbc079d2f59c5c181c84ae1d65c2bdc,legacy_dup
heystive_professional/legacy/heystive/ui/voice_settings.py,11533,c8bf430a5379c39af51ec5e212650af3f3ecc0936c0ab34087f0f13986a7e4a6,legacy_dup
heystive_professional/legacy/heystive/ui/voice_settings_ui.py,23382,bfb8d8762b2ab725134c49e602c924f31cb49813b782018993ff7205fec2c53b,legacy_dup
heystive_professional/legacy/heystive/voice/__init__.py,58,70174b86ba547bb2b46745ec73e87a180194661ff1e0709d316aba64c99a8915,legacy_dup
heystive_professional/legacy/heystive/voice/multi_tts_manager.py,17248,aa122c5ba7e56180ece5bad37bcf16ea8034bf5e22fb16e473ec2d869a1342d1,legacy_dup
heystive_professional/legacy/heystive/voice/persian_multi_tts_manager.py,36055,ff890eef9303ff9f44577359d3aa27ea58c7e3aa406052e039c4f4a8f27642e3,duplicate_of:heystive_professional/heystive/models/backups/persian_multi_tts_manager_backup_20250908_024118.py;legacy_dup
heystive_professional/legacy/heystive/voice/persian_stt.py,9454,6fc239e77d6164d78fd9eba92ac430e2e354c0e5211e674047d6af43f6092072,legacy_dup
heystive_professional/legacy/heystive/voice/persian_tts.py,10325,daecaa650d606501f92bf71e9a8b7e8e3e4fe7f095a67adbaccbc896d1b7fa9a,legacy_dup
heystive_professional/legacy/heystive/voice/voice_config.py,13339,a6fb26441dabbae2af83409393f8b216aa053b9ed04bb19e1db9397371827ccd,legacy_dup
heystive_professional/legacy/organized_root/demos/demo_enhanced_persian_tts.py,6153,007911665450d9ad7e8d00a4a75e7662244c342befb17c151615ff5f886442ce,legacy_dup
heystive_professional/legacy/organized_root/demos/demo_professional_ui.py,21283,8ac862b7f3340ecd32125b6429725ae2492e4b06f7dd39a3720ac99aff3d1d84,legacy_dup
heystive_professional/legacy/organized_root/main_apps/app.py,14222,02d12ebc1ba5d31b8d48285478a0e8ed767bf3cad94fb828f4427a58b2d67dd4,legacy_dup
heystive_professional/legacy/organized_root/main_apps/heystive_main_app.py,15538,7f716b420942023ad44cba77fdb7b632dc7e7c1c655880279c2f0ac8b5d27d1a,duplicate_of:heystive_professional/heystive/ui/desktop/heystive_main_app.py;legacy_dup
heystive_professional/legacy/organized_root/main_apps/main.py,3296,f1483f0591e7a28498f3dcc12c43bdee21d088f18a9efc2d01be6c998f70a440,legacy_dup
heystive_professional/legacy/organized_root/main_apps/simple_server.py,7073,01d0f0e5c92b392b5bba0f5154bf8855a9ec9e4a7038c7245f3c793c34f1477a,legacy_dup
heystive_professional/legacy/organized_root/scripts/core_test.py,10396,d98626fe34b4845f08db58d8fd534f0cc73d793d0af6d10f06eb2f8d27fec32e,legacy_dup
heystive_professional/legacy/organized_root/scripts/enhancement_demo.py,25315,ba1482431eff9989be8b85728ca18c9fd0f497066ee6e790ae5844e4b5411fd7,legacy_dup
heystive_professional/legacy/organized_root/scripts/heystive_upgrade.py,48765,b2d06eb5256f3c5bf31d451109f9a60cae77798b4e5e6f1b7608b39aac454a3d,legacy_dup
heystive_professional/legacy/organized_root/scripts/langgraph_voice_agent.py,32407,819046710526bc1dd9cd353fe82c2da327aeff28cfec85f72db176c081db3583,legacy_dup
heystive_professional/legacy/organized_root/scripts/luna_mcp_server.py,26210,d37c1a942a39ce54c7dd22227fb5dddc38620d7518859b2f71c2482a4e356750,legacy_dup
heystive_professional/legacy/organized_root/scripts/multi_tts_demo.py,4704,4db70f9583733c156941315d5204f6ee7d83c709fb02c4d9bbfc00db17246989,legacy_dup
heystive_professional/legacy/organized_root/scripts/phase1_demo.py,11276,34e5de723053c92880b95c71c1187d4a1fc2ce4449c1a534bb33fdc3bd59f28f,legacy_dup
heystive_professional/legacy/organized_root/scripts/setup.py,11664,9262f805166e2a59c6427fce3b2e2342567d47bf9d59a627b9b6909c427b161a,legacy_dup
heystive_professional/legacy/organized_root/scripts/simple_test.py,5909,14b35df21c60c1ae9683866b4abac6bb3bfd7dd402444d6f2c2a2c7ce4749ed9,legacy_dup
heystive_professional/legacy/organized_root/scripts/voice_test.py,2651,1a166c90330cc34f3993a980b845c292f5a8297ab1316ae21dc42c912c4ac72f,legacy_dup
heystive_professional/legacy/organized_root/tests/test_complete_heystive_integration.py,21118,96334c8c299859c1c992683cd2d2fb7dbe3fd3ff73de77617ce2d603000000fe,legacy_dup
heystive_professional/legacy/organized_root/tests/test_complete_heystive_voice.py,11143,4f7ce7c5d3354f2a5cbbaa0ff1e7b49136c59e511eeebe6dbeb6a3a9c31521d3,legacy_dup
heystive_professional/legacy/organized_root/tests/test_complete_integration.py,11552,12ae7a7d7d27f69a5e176836bca5c28f0ca18b094cae9dfafdf6bb830c219637,legacy_dup
heystive_professional/legacy/organized_root/tests/test_enhanced_persian_tts.py,10742,69080b1381034aa82e58b58a4d3bc885cc277ed614131dcd68dcf51fb538720e,legacy_dup
heystive_professional/legacy/organized_root/tests/test_heystive_upgrade.py,23042,4e7eea0505f3b445560669fe6089d6fb85ee8f05a90fdbe19edfdb46a2b0fc3e,legacy_dup
heystive_professional/legacy/organized_root/tests/test_phase1.py,11567,ae42a823e4bec023cfe30a8da3be251c2f6681ff2ed86f6fc06ffe1d0215fa2d,legacy_dup
heystive_professional/legacy/organized_root/tests/test_step1_tts.py,5869,4ebed73a168ff3323ca4b24771e56fecb6d1cf3d1fe33fa767b733b9e378429f,legacy_dup
heystive_professional/legacy/organized_root/tests/test_step2_stt.py,4777,2b96b776cbcb874a949069661a4221e16bc0655934dbb3c12f916b14ac2f96bc,legacy_dup
heystive_professional/legacy/organized_root/tests/test_tts_real.py,7672,11c57e06f904ae05985e0b183023bce68b0234eab54fabb1bf4be684b9f49d50,legacy_dup
heystive_professional/legacy/organized_root/utilities/environment_check.py,9597,9b942dd91cc42c9a9b84ab4e2c60eeefe145e8e44009c4600c0a73923fa3c732,legacy_dup
heystive_professional/legacy/organized_root/utilities/validate_production_system.py,10868,4349b84cf9cde0231939b1ee0632ac3a92da806864223dc8207582b67db504d9,legacy_dup
heystive_professional/legacy/organized_root/utilities/validate_system.py,6224,0b0ea3c1b4502da673db5bcd7b74a41fa0f8f390ca5db5a710270df47849c237,legacy_dup
heystive_professional/legacy/steve/__init__.py,224,af27bc8adc2bd271faece46b9b7b2410923c7f9990a0b47bf2f11adb110aeefb,legacy_dup
heystive_professional/legacy/steve/core/__init__.py,34,8b310c08a1a94dd038eff2b19bae318e72376b3648097907f4fd513e679b4472,legacy_dup
heystive_professional/legacy/steve/core/persian_stt.py,21045,f77e37684ac5cc087f774ac4a1d4e3a8fc7b8d6f3be4839e2799f846c790cb15,legacy_dup
heystive_professional/legacy/steve/core/persian_tts.py,28317,508a0026a76d2e61a9be2160320d6d053fdb6fe079e38807b065fad572f814d4,duplicate_of:heystive_professional/heystive/engines/tts/persian_tts.py;legacy_dup
heystive_professional/legacy/steve/core/tts_engine.py,24924,36748be3f864bf9c16befb166f75956cfb2762b441c980381c4d361b4bf7aba6,legacy_dup
heystive_professional/legacy/steve/core/voice_pipeline.py,13543,13d7a65a955a59cccc0005b399532bdd6b84cb5723bf9e6add447548b7850f03,duplicate_of:heystive_professional/heystive/core/voice_pipeline.py;legacy_dup
heystive_professional/legacy/steve/core/wake_word_detector.py,13793,8660ed191a5a1bea857b89fcd458bf95710fb90cff0a4e674f2be705151b36e5,duplicate_of:heystive_professional/heystive/engines/wake_word/wake_word_detector.py;legacy_dup
heystive_professional/legacy/steve/intelligence/__init__.py,56,932bb586b448353143409daf07e8c065a5e5f6a331ad1c955131a706a973e6ef,duplicate_of:heystive_professional/heystive/intelligence/__init__.py;legacy_dup
heystive_professional/legacy/steve/intelligence/conversation_flow.py,20769,5ec706bd4c4198fefedd94a561d3a7ed1c8b9b3b265eb53ee5324fdddd574fce,duplicate_of:heystive_professional/heystive/intelligence/conversation_flow.py;legacy_dup
heystive_professional/legacy/steve/intelligence/langgraph_agent.py,18979,dcb1ebffebdf447156135d8b47eb28340df20ac4128cd00399e4ade3e79f0597,duplicate_of:heystive_professional/heystive/intelligence/langgraph_agent.py;legacy_dup
heystive_professional/legacy/steve/intelligence/llm_manager.py,12929,f1fbe94c90e7a31ff1cf9c7a2a496b7739828815c7ea7d7de343b875c1585359,duplicate_of:heystive_professional/heystive/intelligence/llm_manager.py;legacy_dup
heystive_professional/legacy/steve/models/__init__.py,34,fb7959a77981a4cf471a0cbc9e0ec23d3a9487fa28fedd67bb54e5403d8651eb,legacy_dup
heystive_professional/legacy/steve/models/download_models.py,23614,ade622644fa1a40f97bb903fa4525d5bd412f337e2324141a5ea26a85b2f8c52,legacy_dup
heystive_professional/legacy/steve/security/__init__.py,247,a5f1080956281e58eac657f0d32932d5a81cc52b55215de342a5c9b3df27bf43,duplicate_of:heystive_professional/heystive/security/__init__.py;legacy_dup
heystive_professional/legacy/steve/security/api_auth.py,19497,23af1d5f7879cc64599a0b27dad2a00e21cce7313eed47176b9f3a6fb07b97a7,duplicate_of:heystive_professional/heystive/security/api_auth.py;legacy_dup
heystive_professional/legacy/steve/smart_home/__init__.py,35,92ef06bdd0d0055054ff182e93e3b22e22bc3c4e7d39ef776debc4edc4d53eae,legacy_dup
heystive_professional/legacy/steve/smart_home/device_controller.py,27962,b9e45ee6c30bc8f7990b83e2d8c632edfdf511d5d3ea76b16c3db8557e6127c4,legacy_dup
heystive_professional/legacy/steve/smart_home/device_discovery.py,30119,7e12d573f7e637b12a02147ad43b0ddea8da0315b053dd9cb82b9a5382998080,legacy_dup
heystive_professional/legacy/steve/smart_home/mcp_server.py,27342,417e5df84aa392bba45df3fb06d1a53e2200892ceef51a6463676888284452c2,legacy_dup
heystive_professional/legacy/steve/ui/__init__.py,186,998e97de09f52475252fd35d47a8baf708531f0b5592cc59d63b55b222e6fc28,legacy_dup
heystive_professional/legacy/steve/ui/professional_web_interface.py,45409,057ecdf2ceff6b83109982971cd444ecb9cc687620e73edf84d7b7f76635b875,duplicate_of:heystive_professional/heystive/ui/web/professional_web_interface.py;legacy_dup
heystive_professional/legacy/steve/ui/static/css/enhanced-features.css,8976,cc7506107a5a674154d0e8205ec3ff8cf18968459354a8545893eec13d4b5351,legacy_dup
heystive_professional/legacy/steve/ui/static/css/mobile-responsive.css,13861,411f941c9fb3e5da7a9fff9efd76b2edd540be546032a5bf052102ddce72a268,legacy_dup
heystive_professional/legacy/steve/ui/static/css/persian-design-system.css,14416,7a7a8525be8709882280889a2270f3227ccbab64e515ca4d55f8bb42df7e6a70,legacy_dup
heystive_professional/legacy/steve/ui/static/js/accessibility-manager.js,24146,7b1e2209b99169a171d961549608c7c74db36bf79b4c8f13bea7d5f91dc19719,legacy_dup
heystive_professional/legacy/steve/ui/static/js/enhanced-dashboard.js,24665,6684b24c71b5675571f7939317c2a06b0d67d8d86d2ab14f15b4bf299e379af4,legacy_dup
heystive_professional/legacy/steve/ui/static/js/error-handler.js,34420,50253f550f37d47608a3861d1afcebc5b78a04b2d0adf2961c06e6dd70ecbb4e,legacy_dup
heystive_professional/legacy/steve/ui/static/js/steve-professional-integration.js,30871,b5a6dba4488200c20f75dfadb3f31852eb6632145bd04309240db59fa07ef93c,legacy_dup
heystive_professional/legacy/steve/ui/static/js/ui-testing-framework.js,38516,9421c775ccbf46e6f0770f9a22476759e95a945942e47ea08e910843448d6f15,legacy_dup
heystive_professional/legacy/steve/ui/static/js/voice-visualizer.js,25751,4c416eae521c5afd9a18706a6b105c66e95e59451f5eb68cce09813adf01d8ec,legacy_dup
heystive_professional/legacy/steve/ui/templates/dashboard.html,25195,43ebba68d4f4ca405520e321fcb912dabd1aacb068775535378ab6928dbb6f1b,legacy_dup
heystive_professional/legacy/steve/ui/templates/enhanced-dashboard.html,16222,44ed70ecdfca25ceebbc1ebec8a1a7d74189c918344164abaef3d19aecd6ddb6,legacy_dup
heystive_professional/legacy/steve/ui/templates/professional-dashboard.html,55164,59e408f9bfc58f5f46e1eb7364260df33577b6f53a3bb8e95ab7fc0909ab8602,legacy_dup
heystive_professional/legacy/steve/ui/web_interface.py,10548,8658b442ca427056d90a397cc5b24bcff374614047f6d80e9141dab46e88d619,legacy_dup
heystive_professional/legacy/steve/utils/__init__.py,17,ab26dda552391a835731c47c40c3d21df8de5fb4a61ae66679553d5f6c00be86,duplicate_of:heystive_professional/heystive/utils/__init__.py;legacy_dup
heystive_professional/legacy/steve/utils/error_handler.py,13464,ae31719c4ab19c3188ce1d23949b3c68aa8b22034863de3e467eecfc6390a8a7,duplicate_of:heystive_professional/heystive/utils/error_handler.py;legacy_dup
heystive_professional/legacy/steve/utils/health_checker.py,14553,e43c2a9c966cb83738f9e1c7df4a0986b202cb85df532f1f30eaf557dcfe98ec,duplicate_of:heystive_professional/heystive/utils/health_checker.py;legacy_dup
heystive_professional/legacy/steve/utils/model_downloader.py,8257,9e755d7bac53aa39dea38d7fdf4960c9fb3d85b2f568ded1ee598c24ad86239a,duplicate_of:heystive_professional/heystive/utils/model_downloader.py;legacy_dup
heystive_professional/legacy/steve/utils/monitoring_endpoints.py,14042,c6b370985041c33274c9ea2ef12fbab6c038e9db4c2729d4c8b8a6f6685ac278,duplicate_of:heystive_professional/heystive/utils/monitoring_endpoints.py;legacy_dup
heystive_professional/legacy/steve/utils/performance_monitor.py,19398,316f1ac594e487683ad5b946d84e2461d6677dcfe35cd17c956a4f0a4289ab6a,duplicate_of:heystive_professional/heystive/utils/performance_monitor.py;legacy_dup
heystive_professional/legacy/steve/utils/secure_subprocess.py,10973,1710bf5f5ed0b3efb02df041e339d4ede3b13dd0cc0855d7f04ac7010db05caf,duplicate_of:heystive_professional/heystive/utils/secure_subprocess.py;legacy_dup
heystive_professional/legacy/steve/utils/system_monitor.py,22140,5eb0ffe19a484e9ab51157aa7700572ff95f6b1b0c2b3ca62376dd8e6e9b6837,duplicate_of:heystive_professional/heystive/utils/system_monitor.py;legacy_dup
heystive_professional/skills/__init__.py,0,e3b0c44298fc1c149afbf4c8996fb92427ae41e4649b934ca495991b7852b855,duplicate_of:.plan_name.txt
skills_registry/file_write/sandbox_output/1759193846747.txt,13,0ad0852eeced7b8c1ef0d2191970f3879dd8ccd55909ac92fd5c0a58feebfd26,duplicate_of:skills_registry/file_write/sandbox_output/1759193934722.txt
skills_registry/file_write/sandbox_output/1759193883278.txt,13,0ad0852eeced7b8c1ef0d2191970f3879dd8ccd55909ac92fd5c0a58feebfd26,duplicate_of:skills_registry/file_write/sandbox_output/1759193934722.txt
templates/index.html,35972,20e8743898018f6e3b5ce3d4ffec8f7be319dbe2a288e5428628267bd891d7b7,duplicate_template_copy
ui_modern_desktop/components/__init__.py,0,e3b0c44298fc1c149afbf4c8996fb92427ae41e4649b934ca495991b7852b855,duplicate_of:.plan_name.txt
ui_modern_web/templates/index.html,35972,20e8743898018f6e3b5ce3d4ffec8f7be319dbe2a288e5428628267bd891d7b7,duplicate_of:templates/index.html
web.log,272,a22d3117f0bfd6e62f63aed577685ae095299aa0495ec44aee3b79e056cfda21,log_artifact
